Symbol	PROBE	CHR	SNP	BP	A1	CER_Beta	CER_P	TX_Beta	TX_P	IGAP_A1	IGAP_OR	IGAP_Pvalue	RegulomeDB	Rsquared_rs254776	Dprime_rs254776
MEF2C	ILMN_1742544	5	rs7721099	87972135	C	0.01	7.22E-01	0.01	7.56E-01	C	0.99	7.41E-01	6	0.021	0.213
MEF2C	ILMN_1742544	5	rs7703782	87974313	A	0.01	7.22E-01	0.01	7.56E-01	A	1.00	8.43E-01	7	0.021	0.213
MEF2C	ILMN_1742544	5	rs10514301	87975410	T	0.01	7.22E-01	0.01	7.56E-01	T	1.00	8.46E-01	7	0.021	0.213
MEF2C	ILMN_1742544	5	rs10067451	87978262	A	-0.10	5.49E-04	0.00	9.23E-01	A	0.93	1.36E-03	7	0.25	1
MEF2C	ILMN_1742544	5	rs383883	87978624	G	0.01	6.42E-01	-0.05	1.64E-01	G	1.01	6.59E-01	7	0.013	0.746
MEF2C	ILMN_1742544	5	rs13162708	87979101	T	0.02	5.63E-01	0.00	9.96E-01	T	1.00	8.61E-01	6	0.021	0.213
MEF2C	ILMN_1742544	5	rs16903275	87986299	A	0.01	6.67E-01	0.01	6.97E-01	A	1.00	9.43E-01	5	0.042	0.269
MEF2C	ILMN_1742544	5	rs28115	87986493	G	0.01	6.42E-01	-0.05	1.64E-01	G	1.00	8.47E-01	7	0.013	0.746
MEF2C	ILMN_1742544	5	rs1501673	87999356	A	0.02	5.41E-01	0.00	9.86E-01	A	0.99	8.15E-01		0.021	0.213
MEF2C	ILMN_1742544	5	rs1501672	87999517	G	0.02	5.41E-01	0.00	9.86E-01	G	0.99	7.03E-01	4	0.021	0.213
MEF2C	ILMN_1742544	5	rs13162910	88000170	C	0.01	8.71E-01	-0.06	5.14E-01	C	1.04	4.46E-01	6	0.145	1
MEF2C	ILMN_1742544	5	rs6893807	88000777	G	0.01	6.67E-01	0.01	6.97E-01	G	0.99	5.87E-01	5	0.042	0.269
MEF2C	ILMN_1742544	5	rs6882046	88004620	G	-0.05	2.31E-02	0.02	4.90E-01	G	0.96	1.03E-02	5	0.244	0.505
MEF2C	ILMN_1742544	5	rs3814424	88004709	T	0.01	6.50E-01	0.02	6.77E-01	T	1.00	9.04E-01	5	0.042	0.269
MEF2C	ILMN_1742544	5	rs16903284	88012393	C	0.00	9.48E-01	0.09	3.11E-01	C	1.02	6.97E-01	4	0.003	0.155
MEF2C	ILMN_1742544	5	rs16903285	88014008	C	0.02	5.59E-01	0.01	8.97E-01	C	0.99	5.08E-01	5	0.021	0.213
MEF2C	ILMN_1742544	5	rs153685	88016786	C	-0.07	7.29E-05	-0.01	6.45E-01	C	0.96	4.99E-03	4	0.411	0.738
MEF2C	ILMN_1742544	5	rs6894196	88023813	T	-0.13	1.17E-01	0.10	3.76E-01	T	1.19	5.73E-03	4	0.006	1
MEF2C	ILMN_1742544	5	rs2161228	88037554	T	0.02	4.74E-01	0.01	8.18E-01	T	0.99	5.51E-01	6	0.033	1
MEF2C	ILMN_1742544	5	rs639725	88037725	A	-0.07	9.26E-05	-0.01	8.32E-01	A	0.97	3.42E-02	7	0.538	0.942
MEF2C	ILMN_1742544	5	rs454214	88039159	C	-0.07	9.26E-05	-0.01	8.32E-01	C	0.96	2.13E-02	5	0.538	0.942
MEF2C	ILMN_1742544	5	rs410216	88039857	G	-0.10	2.81E-07	-0.01	6.57E-01	G	0.97	8.29E-02	7	0.876	0.956
MEF2C	ILMN_1742544	5	rs254776	88042649	G	-0.11	2.52E-07	-0.01	7.41E-01	G	0.97	9.27E-02	6	1	1
MEF2C	ILMN_1742544	5	rs254778	88045349	G	-0.11	2.52E-07	-0.01	7.41E-01	G	0.97	7.27E-02	6	0.916	0.957
MEF2C	ILMN_1742544	5	rs12655172	88046585	T	0.03	2.82E-01	0.03	4.91E-01	T	0.97	2.02E-01	7	0.044	1
MEF2C	ILMN_1742544	5	rs34316	88051301	A	-0.07	9.96E-05	-0.01	7.67E-01	A	0.97	2.77E-02	5	0.538	0.942
MEF2C	ILMN_1742544	5	rs42850	88055230	G	-0.07	9.96E-05	-0.01	7.67E-01	G	0.96	2.21E-02	7	0.538	0.942
MEF2C	ILMN_1742544	5	rs254780	88055503	G	-0.07	9.96E-05	-0.01	7.67E-01	G	0.96	1.75E-02	7	0.538	0.942
MEF2C	ILMN_1742544	5	rs34321	88056075	C	-0.07	8.20E-05	-0.01	8.43E-01	C	0.97	2.32E-02	4	0.498	0.939
MEF2C	ILMN_1742544	5	rs13170975	88056590	G	-0.01	8.13E-01	0.04	5.11E-01	G	1.03	4.61E-01	7	0.155	0.713
MEF2C	ILMN_1742544	5	rs34320	88057283	T	-0.08	3.23E-05	-0.01	7.69E-01	T	0.96	1.69E-02	7	0.538	0.942
MEF2C	ILMN_1742544	5	rs187270	88062626	C	-0.08	3.23E-05	-0.01	7.69E-01	C	0.97	2.70E-02	7	0.538	0.942
MEF2C	ILMN_1742544	5	rs190438	88062658	C	-0.10	9.72E-07	-0.01	6.99E-01	C	0.98	2.19E-01	6	0.713	0.863
MEF2C	ILMN_1742544	5	rs34318	88062905	G	-0.08	3.16E-05	-0.01	7.78E-01	G	0.97	3.31E-02	7	0.538	0.942
MEF2C	ILMN_1742544	5	rs10514302	88062973	C	-0.04	3.25E-01	0.05	3.41E-01	C	1.06	5.63E-02	7	0.121	0.601
MEF2C	ILMN_1742544	5	rs412458	88065383	C	-0.11	1.90E-06	-0.03	3.48E-01	C	0.95	1.37E-02	6	0.485	1
MEF2C	ILMN_1742544	5	rs13158247	88066426	C	-0.08	3.16E-05	-0.01	7.78E-01	C	0.97	2.71E-02		0.498	0.939
MEF2C	ILMN_1742544	5	rs16903320	88068857	C	-0.04	3.25E-01	0.05	3.41E-01	C	1.07	3.27E-02	6	0.121	0.601
MEF2C	ILMN_1742544	5	rs661311	88070623	T	-0.11	1.90E-06	-0.03	3.48E-01	T	0.95	1.34E-02	7	0.485	1
MEF2C	ILMN_1742544	5	rs618298	88074146	A	-0.08	2.31E-05	0.00	8.47E-01	A	0.97	2.45E-02	7	0.538	0.942
MEF2C	ILMN_1742544	5	rs616391	88074601	C	-0.08	2.31E-05	0.00	8.47E-01	C	0.96	2.32E-02	7	0.538	0.942
MEF2C	ILMN_1742544	5	rs7718514	88077610	A	0.01	8.46E-01	0.01	7.67E-01	A	0.97	1.41E-01	7	0.001	0.135
MEF2C	ILMN_1742544	5	rs652660	88077688	C	-0.10	2.83E-06	-0.03	3.13E-01	C	0.95	8.45E-03	6	0.485	1
MEF2C	ILMN_1742544	5	rs664366	88091517	A	-0.09	5.12E-06	-0.02	5.61E-01	A	0.98	2.18E-01	5	0.713	0.863
MEF2C	ILMN_1742544	5	rs622803	88105349	G	-0.09	1.04E-04	-0.02	5.11E-01				5	0.175	0.667
MEF2C	ILMN_1742544	5	rs6872000	88106172	T	-0.06	2.59E-03	-0.01	6.01E-01	T	0.96	3.85E-02	6	0.149	0.423
MEF2C	ILMN_1742544	5	rs11744850	88107689	G	-0.08	1.52E-04	-0.02	4.79E-01	G	0.98	1.31E-01	7	0.161	0.419
MEF2C	ILMN_1742544	5	rs13166883	88110285	G	-0.06	2.59E-03	-0.01	6.01E-01	G	0.97	6.94E-02	5	0.149	0.423
MEF2C	ILMN_1742544	5	rs10942537	88113204	G	-0.06	2.59E-03	-0.01	6.01E-01	G	0.97	7.12E-02	6	0.149	0.423
MEF2C	ILMN_1742544	5	rs674747	88114766	G	-0.09	2.40E-04	-0.03	4.32E-01	G	0.95	8.91E-03	7	0.175	0.667
MEF2C	ILMN_1742544	5	rs12521662	88117252	A	0.01	6.49E-01	0.02	6.05E-01	A	0.98	2.52E-01		0.022	0.211
MEF2C	ILMN_1742544	5	rs17558256	88119209	C	-0.04	2.80E-01	-0.11	6.17E-02	C	1.02	5.78E-01	5	0.17	1
MEF2C	ILMN_1742544	5	rs6870660	88121880	A	-0.06	2.59E-03	-0.01	6.01E-01	A	0.97	8.10E-02	6	0.149	0.423
MEF2C	ILMN_1742544	5	rs770189	88124195	G	-0.06	2.59E-03	-0.01	6.01E-01	G	0.97	7.71E-02	5	0.129	0.384
MEF2C	ILMN_1742544	5	rs244755	88131541	C	-0.06	2.59E-03	-0.01	6.01E-01	C	0.97	4.78E-02	6	0.149	0.423
MEF2C	ILMN_1742544	5	rs244756	88133820	T	-0.06	2.59E-03	-0.01	6.01E-01				7	0.149	0.423
MEF2C	ILMN_1742544	5	rs244757	88133876	G	-0.06	2.68E-03	-0.01	6.05E-01	G	0.97	9.40E-02	6	0.149	0.423
MEF2C	ILMN_1742544	5	rs585950	88135427	C	-0.09	2.54E-04	-0.03	4.37E-01	C	0.95	7.57E-03	7	0.175	0.667
MEF2C	ILMN_1742544	5	rs4521516	88135707	C	0.00	8.94E-01	0.01	8.73E-01	C	1.02	3.58E-01	7	0	0.015
MEF2C	ILMN_1742544	5	rs3850650	88136016	C	-0.01	9.55E-01	-0.10	7.73E-01		1.00		7		
MEF2C	ILMN_1742544	5	rs700593	88136906	T	-0.06	2.68E-03	-0.01	6.05E-01	T	0.97	9.60E-02	5	0.149	0.423
MEF2C	ILMN_1742544	5	rs17558396	88138037	G	0.06	1.22E-03	0.00	8.71E-01	G	1.03	3.30E-02		0.402	1
MEF2C	ILMN_1742544	5	rs700592	88138619	C	-0.08	3.30E-05	-0.03	1.88E-01	C	0.98	2.57E-01	7	0.302	0.632
MEF2C	ILMN_1742544	5	rs11959216	88138969	C	-0.06	3.96E-02	-0.07	1.44E-01	C	1.02	4.50E-01	5	0.278	1
MEF2C	ILMN_1742544	5	rs11956763	88140178	T	-0.06	3.96E-02	-0.07	1.44E-01	T	1.03	3.28E-01	7	0.278	1
MEF2C	ILMN_1742544	5	rs700591	88141370	T	-0.08	3.57E-05	-0.03	1.89E-01	T	0.98	2.32E-01	7	0.302	0.632
MEF2C	ILMN_1742544	5	rs11958689	88142609	G	-0.04	2.80E-01	-0.11	6.17E-02	G	1.02	6.24E-01	6	0.145	1
MEF2C	ILMN_1742544	5	rs700588	88144330	A	-0.10	1.73E-06	-0.03	3.43E-01	A	0.97	6.40E-02	5	0.426	0.667
MEF2C	ILMN_1742544	5	rs165945	88146094	G	-0.10	1.73E-06	-0.03	3.43E-01	G	0.99	3.95E-01		0.426	0.667
MEF2C	ILMN_1742544	5	rs12521522	88148517	A	-0.04	2.80E-01	-0.11	6.17E-02	A	1.02	6.24E-01	6	0.17	1
MEF2C	ILMN_1742544	5	rs11955542	88148984	T	-0.04	2.80E-01	-0.11	6.17E-02	T	1.02	5.38E-01	7	0.17	1
MEF2C	ILMN_1742544	5	rs160044	88150232	C	-0.10	1.73E-06	-0.03	3.43E-01	C	0.98	3.72E-01	4	0.426	0.667
MEF2C	ILMN_1742544	5	rs159950	88152075	T	-0.09	2.59E-04	-0.03	4.31E-01	T	0.95	1.34E-02	5	0.175	0.667
MEF2C	ILMN_1742544	5	rs11958401	88152284	T	-0.07	4.35E-02	-0.09	7.84E-02				5	0.278	1
MEF2C	ILMN_1742544	5	rs244761	88152783	T	-0.10	1.73E-06	-0.03	3.43E-01	T	0.99	3.81E-01	5	0.426	0.667
MEF2C	ILMN_1742544	5	rs167345	88154614	G	-0.10	1.73E-06	-0.03	3.43E-01	G	0.99	3.85E-01	7	0.426	0.667
MEF2C	ILMN_1742544	5	rs304153	88156944	A	-0.09	6.37E-06	-0.02	4.32E-01	A	0.98	2.73E-01	5	0.426	0.667
MEF2C	ILMN_1742544	5	rs770525	88159306	A	-0.08	7.27E-04	-0.03	4.52E-01	A	0.95	1.10E-02	4	0.175	0.667
MEF2C	ILMN_1742544	5	rs304152	88159879	G	-0.08	2.01E-05	-0.02	4.63E-01	G	0.99	4.11E-01		0.401	0.633
MEF2C	ILMN_1742544	5	rs304151	88161609	G	-0.08	1.50E-04	-0.02	4.29E-01	G	0.98	2.55E-01	4	0.412	0.718
MEF2C	ILMN_1742544	5	rs304161	88170066	G	-0.09	6.37E-06	-0.02	4.32E-01	G	0.99	3.67E-01	7	0.426	0.667
MEF2C	ILMN_1742544	5	rs304160	88171218	C	-0.09	1.53E-05	-0.03	3.70E-01	C	0.98	3.39E-01	6	0.426	0.667
MEF2C	ILMN_1742544	5	rs9293504	88172172	T	-0.08	3.10E-01	0.10	3.53E-01	T	1.22	2.75E-03	5		
MEF2C	ILMN_1742544	5	rs302485	88173237	A	-0.08	7.27E-04	-0.03	4.34E-01	A	0.95	8.76E-03	5	0.201	0.69
MEF2C	ILMN_1742544	5	rs304159	88173798	A	-0.09	1.48E-05	-0.02	3.95E-01	A	0.98	3.63E-01	7	0.426	0.667
MEF2C	ILMN_1742544	5	rs11951031	88174487	T	-0.04	2.80E-01	-0.11	6.17E-02	T	1.02	4.98E-01	4	0.17	1
MEF2C	ILMN_1742544	5	rs244749	88176718	C	-0.07	1.04E-03	0.00	9.24E-01	C	0.97	1.12E-01	4	0.19	0.588
MEF2C	ILMN_1742544	5	rs7734502	88177296	A	-0.06	2.46E-01	-0.02	7.85E-01	A	1.02	5.96E-01	7	0.095	1
MEF2C	ILMN_1742544	5	rs302484	88179505	G	-0.08	3.10E-01	0.10	3.53E-01	G	1.18	5.96E-03	6		
MEF2C	ILMN_1742544	5	rs244754	88179782	G	-0.09	2.21E-05	-0.03	3.76E-01	G	0.99	4.33E-01	7	0.384	0.678
MEF2C	ILMN_1742544	5	rs302483	88179847	C	-0.04	4.29E-01	0.10	1.50E-01	C	1.07	9.04E-02	7	0.003	0.155
MEF2C	ILMN_1742544	5	rs302482	88179990	A	-0.08	3.10E-01	0.10	3.53E-01	A	1.22	1.30E-03	7		
MEF2C	ILMN_1742544	5	rs244751	88180442	C	-0.08	7.27E-04	-0.03	4.34E-01	C	0.94	6.55E-03	6	0.175	0.667
MEF2C	ILMN_1742544	5	rs244750	88182948	C	-0.09	3.41E-04	-0.03	4.48E-01	C	0.94	4.50E-03	7	0.185	0.744
MEF2C	ILMN_1742544	5	rs4145737	88185216	C	-0.01	8.90E-01	0.10	2.84E-01	C	1.00	9.91E-01	7	0.022	0.482
MEF2C	ILMN_1742544	5	rs159949	88185702	G	-0.05	2.04E-01	-0.14	3.00E-02	G	0.99	7.97E-01	7	0.003	1
MEF2C	ILMN_1742544	5	rs12515983	88189831	A	-0.04	2.80E-01	-0.11	6.17E-02	A	1.02	5.89E-01	7	0.17	1
MEF2C	ILMN_1742544	5	rs304162	88192726	C	0.05	1.07E-01	0.09	2.32E-02	C	0.95	5.62E-02	5	0.04	1
MEF2C	ILMN_1742544	5	rs13164429	88193638	C	0.00	9.73E-01	-0.05	5.45E-01	C	1.05	2.72E-01	4	0.17	1
MEF2C	ILMN_1742544	5	rs12054920	88197173	T	-0.04	2.94E-02	0.01	7.99E-01	T	0.96	8.84E-03	5	0.37	0.867
MEF2C	ILMN_1742544	5	rs302478	88198432	C	-0.08	9.05E-02	-0.14	3.37E-02	C	0.98	6.75E-01	6	0.003	1
MEF2C	ILMN_1742544	5	rs216057	88206087	C	-0.04	2.94E-02	0.01	7.99E-01	C	0.96	1.05E-02	6	0.37	0.867
MEF2C	ILMN_1742544	5	rs10044342	88214439	C	-0.08	7.37E-04	-0.03	4.05E-01	C	0.94	7.09E-03	5	0.15	0.643
MEF2C	ILMN_1742544	5	rs3814428	88216160	A	-0.01	8.92E-01	0.10	2.89E-01	A	1.00	9.51E-01		0.022	0.482
MEF2C	ILMN_1742544	5	rs7737567	88220347	T	-0.08	3.10E-01	0.06	6.15E-01	T	1.19	7.65E-03		0.003	1
MEF2C	ILMN_1742544	5	rs9293505	88222225	T	-0.08	3.10E-01	0.06	6.15E-01	T	1.16	2.40E-02	4	0	0.205
MEF2C	ILMN_1742544	5	rs3850653	88222710	G	0.04	9.51E-02	0.04	1.59E-01	G	0.98	3.38E-01	6	0.003	0.064
MEF2C	ILMN_1742544	5	rs12522630	88224123	A	-0.04	2.76E-01	-0.11	6.48E-02	A	1.03	4.01E-01	5	0.17	1
MEF2C	ILMN_1742544	5	rs13188739	88225280	C	0.02	3.32E-01	0.03	2.16E-01	C	0.99	6.55E-01	7	0.034	0.189
MEF2C	ILMN_1742544	5	rs17494872	88228915	A	-0.07	8.78E-02	-0.11	6.48E-02	A	1.02	5.01E-01	7	0.17	1
MEF2C	ILMN_1742544	5	rs770463	88230706	C	0.04	4.17E-02	0.01	6.15E-01	C	1.03	6.79E-02	7	0.161	0.634
MEF2C	ILMN_1742544	5	rs4446500	88231759	G	0.02	2.61E-01	0.03	2.31E-01	G	0.99	6.18E-01	6	0.034	0.189
MEF2C	ILMN_1742544	5	rs10038371	88234979	C	0.04	3.15E-02	0.01	5.91E-01	C	1.03	7.73E-02	7	0.151	0.624
MEF2C	ILMN_1742544	5	rs10085009	88241752	A	-0.08	3.09E-01	0.06	6.18E-01	A	1.27	8.63E-03	5		
MEF2C	ILMN_1742544	5	rs13357047	88246411	A	-0.05	5.32E-01	0.02	8.97E-01				6	0	0.205
MEF2C	ILMN_1742544	5	rs770466	88251210	C	-0.02	5.74E-01	-0.02	6.69E-01	C	1.04	2.67E-01	5	0.07	0.698
MEF2C	ILMN_1742544	5	rs304132	88251350	A	-0.02	3.42E-01	-0.02	4.10E-01	A	0.93	9.17E-06	5	0.11	0.48
MEF2C	ILMN_1742544	5	rs10044186	88254553	C	-0.03	4.23E-01	0.00	9.76E-01	C	1.05	1.34E-01	6	0.058	0.543
MEF2C	ILMN_1742544	5	rs10037047	88255720	G	-0.05	3.67E-02	-0.05	1.69E-01	G	0.96	7.09E-02	4	0.121	0.431
MEF2C	ILMN_1742544	5	rs190982*	88259176	G	-0.01	6.24E-01	-0.03	2.09E-01	G	0.93	3.20E-08	7		
MEF2C	ILMN_1742544	5	rs301717	88267164	A	-0.01	9.24E-01	-0.11	1.97E-01		1.00		6	0.009	1
MEF2C	ILMN_1742544	5	rs301718	88267595	G	-0.01	9.24E-01	-0.11	1.97E-01	G	1.10	1.53E-02	7		
MEF2C	ILMN_1742544	5	rs301719	88268671	C	-0.01	9.24E-01	-0.11	1.97E-01	C	1.10	1.69E-02	5	0.009	1
MEF2C	ILMN_1742544	5	rs301720	88269410	A	-0.01	9.24E-01	-0.11	1.97E-01	A	1.09	2.67E-02	7	0.009	1
MEF2C	ILMN_1742544	5	rs301723	88271430	A	-0.01	9.24E-01	-0.11	1.97E-01	A	1.10	1.75E-02	7	0.009	1
MEF2C	ILMN_1742544	5	rs301725	88272216	T	-0.01	9.24E-01	-0.11	1.97E-01	T	1.10	1.77E-02	7		
MEF2C	ILMN_1742544	5	rs7700950	88272698	T	-0.01	9.24E-01	-0.11	1.97E-01	T	1.12	9.62E-03	6	0.009	1
MEF2C	ILMN_1742544	5	rs301726	88272826	T	-0.01	9.24E-01	-0.11	1.97E-01	T	1.10	1.66E-02	6	0.009	1
MEF2C	ILMN_1742544	5	rs301727	88273286	G	-0.01	9.24E-01	-0.11	1.97E-01	G	1.12	1.60E-02	6	0.006	1
MEF2C	ILMN_1742544	5	rs301728	88273557	T	-0.01	9.24E-01	-0.11	1.97E-01	T	1.12	1.60E-02	7	0.009	1
MEF2C	ILMN_1742544	5	rs301729	88273797	G	-0.01	9.24E-01	-0.11	1.97E-01	G	1.10	2.07E-02	7	0.009	1
MEF2C	ILMN_1742544	5	rs1650626	88274962	G	-0.01	9.24E-01	-0.11	1.97E-01	G	1.09	2.93E-02	5	0.009	1
MEF2C	ILMN_1742544	5	rs1650627	88275084	G	-0.01	9.24E-01	-0.11	1.97E-01	G	1.10	1.85E-02	7		
MEF2C	ILMN_1742544	5	rs1650629	88275331	A	-0.01	9.24E-01	-0.11	1.97E-01	A	1.10	1.90E-02	7	0.009	1
MEF2C	ILMN_1742544	5	rs301706	88278462	G	-0.02	2.07E-01	-0.04	2.02E-01	G	0.95	8.56E-04	7	0.182	0.519
MEF2C	ILMN_1742544	5	rs177281	88282990	A	-0.03	3.38E-01	-0.06	1.30E-01	A	0.98	3.40E-01	7	0.017	0.263
MEF2C	ILMN_1742544	5	rs11952384	88283022	G	0.02	4.10E-01	0.02	6.55E-01	G	1.01	5.20E-01	5	0.022	0.211
MEF2C	ILMN_1742544	5	rs214137	88286892	A	-0.02	1.71E-01	-0.05	3.41E-02	A	0.98	2.64E-01	7	0.178	0.622
MEF2C	ILMN_1742544	5	rs214136	88288229	A	-0.03	1.67E-01	-0.04	1.06E-01	A	0.97	4.99E-02	5	0.215	0.65
MEF2C	ILMN_1742544	5	rs16903431	88288917	T	0.00	9.74E-01	-0.08	2.56E-01	T	1.10	2.08E-02	5	0.003	1
MEF2C	ILMN_1742544	5	rs1455098	88289093	A	-0.02	2.27E-01	-0.05	3.27E-02	A	0.98	3.21E-01	5	0.178	0.622
MEF2C	ILMN_1742544	5	rs214134	88289672	G	-0.03	1.67E-01	-0.04	1.06E-01	G	0.97	4.19E-02	7	0.215	0.65
MEF2C	ILMN_1742544	5	rs16876775	88294611	C	0.00	9.80E-01	-0.11	1.56E-01	C	1.11	3.97E-02	7	0.009	1
MEF2C	ILMN_1742544	5	rs16903435	88300668	C	0.00	9.80E-01	-0.11	1.56E-01	C	1.10	6.28E-02	7	0.009	1
MEF2C	ILMN_1742544	5	rs6864888	88309409	T	-0.01	5.05E-01	-0.03	3.05E-01	T	1.00	8.83E-01	7	0.202	0.597
MEF2C	ILMN_1742544	5	rs6861886	88313701	A	-0.01	5.05E-01	-0.03	3.05E-01	A	1.00	8.88E-01	7	0.202	0.597
MEF2C	ILMN_1742544	5	rs1863958	88314049	C	-0.01	5.19E-01	-0.03	3.05E-01	C	1.00	8.87E-01	6	0.202	0.597
MEF2C	ILMN_1742544	5	rs7700997	88316721	A	-0.01	5.19E-01	-0.03	3.05E-01	A	1.00	8.85E-01	7	0.186	0.583
MEF2C	ILMN_1742544	5	rs1863752	88317982	A	-0.01	5.19E-01	-0.03	3.05E-01	A	1.00	8.86E-01	7	0.218	0.61
MEF2C	ILMN_1742544	5	rs13177933	88318309	A	-0.01	4.83E-01	-0.02	3.64E-01	A	1.00	8.83E-01	7	0.23	0.616
MEF2C	ILMN_1742544	5	rs919184	88319492	A	-0.01	4.83E-01	-0.02	3.64E-01	A	1.00	8.49E-01	7	0.218	0.61
MEF2C	ILMN_1742544	5	rs4916735	88319941	G	-0.01	4.83E-01	-0.02	3.64E-01	G	1.00	8.53E-01	7	0.218	0.61
MEF2C	ILMN_1742544	5	rs4916737	88326523	T	-0.01	4.83E-01	-0.02	3.64E-01	T	1.00	7.96E-01	6	0.218	0.61
MEF2C	ILMN_1742544	5	rs957629	88327180	A	-0.01	5.02E-01	-0.02	3.94E-01	A	1.00	7.88E-01	7	0.218	0.61
MEF2C	ILMN_1742544	5	rs13154117	88333256	T	-0.01	5.02E-01	-0.02	3.94E-01				5	0.218	0.61
MEF2C	ILMN_1742544	5	rs4916738	88333548	C	-0.01	5.05E-01	-0.02	3.94E-01	C	1.00	7.64E-01	6	0.218	0.61